GOLEN,ROADSECT_ID,PERIOD,GOCOUNT,TIME,GOTIME
7604.7458,27206,154,64,2018-04-06 00:00:00,678.1371
5882.4385,28301,154,84,2018-04-06 00:00:00,755.7504
5998.7762,28302,154,63,2018-04-06 00:00:00,539.7491
4536.0039,28303,154,70,2018-04-06 00:00:00,790.2757
8980.3365,28304,154,69,2018-04-06 00:00:00,852.3466
5883.8517,28305,154,25,2018-04-06 00:00:00,400.9763
7934.1124,28306,154,57,2018-04-06 00:00:00,637.0139
10733.3503,28401,154,62,2018-04-06 00:00:00,701.5785
4870.7227,28402,154,35,2018-04-06 00:00:00,310.6305
7189.8099,28403,154,40,2018-04-06 00:00:00,487.4832
3353.8413,28404,154,59,2018-04-06 00:00:00,360.0488
4677.3566,28405,154,43,2018-04-06 00:00:00,367.1212
4052.2519,28406,154,75,2018-04-06 00:00:00,476.5028
8267.6664,29301,154,95,2018-04-06 00:00:00,1144.1253
5395.8605,29302,154,61,2018-04-06 00:00:00,741.8968
4242.2564,29401,154,40,2018-04-06 00:00:00,462.1427
4813.0753,29402,154,67,2018-04-06 00:00:00,490.9795
5248.466,30301,154,43,2018-04-06 00:00:00,562.766
4340.2505,30401,154,52,2018-04-06 00:00:00,398.9726
242.7422,31301,154,6,2018-04-06 00:00:00,39.3949
578.6639,31401,154,10,2018-04-06 00:00:00,75.2447
4457.1844,32301,154,45,2018-04-06 00:00:00,569.962
2909.7653,32302,154,35,2018-04-06 00:00:00,488.744
4980.2173,32401,154,42,2018-04-06 00:00:00,651.6409
5083.5916,32402,154,50,2018-04-06 00:00:00,730.0597
2816.4462,33301,154,37,2018-04-06 00:00:00,396.977
1954.6833,33302,154,26,2018-04-06 00:00:00,296.8412
1955.3965,33401,154,26,2018-04-06 00:00:00,246.8578
2018.8876,50104,154,12,2018-04-06 00:00:00,279.5827
2597.398,50201,154,38,2018-04-06 00:00:00,365.4665
2905.0613,50202,154,27,2018-04-06 00:00:00,373.5749
2296.0543,50203,154,23,2018-04-06 00:00:00,395.7812
1327.7346,50204,154,15,2018-04-06 00:00:00,137.6424
78.3793,51101,154,3,2018-04-06 00:00:00,27.0014
1874.1307,51102,154,14,2018-04-06 00:00:00,309.6317
1764.4243,51103,154,19,2018-04-06 00:00:00,197.4383
3065.4371,51104,154,34,2018-04-06 00:00:00,319.229
3158.2333,51105,154,37,2018-04-06 00:00:00,543.4556
2163.9981,51106,154,34,2018-04-06 00:00:00,735.7577
3501.8645,51201,154,30,2018-04-06 00:00:00,757.303
4613.7773,51202,154,58,2018-04-06 00:00:00,681.8703
3302.0877,51203,154,41,2018-04-06 00:00:00,328.1494
2571.8705,51204,154,28,2018-04-06 00:00:00,409.1411
6355.1433,51205,154,89,2018-04-06 00:00:00,815.6917
208.8094,51206,154,5,2018-04-06 00:00:00,185.3354
1664.5407,52301,154,17,2018-04-06 00:00:00,176.8135
444.9727,52401,154,7,2018-04-06 00:00:00,106.5757
1521.6743,53301,154,30,2018-04-06 00:00:00,321.9867
1318.194,53401,154,22,2018-04-06 00:00:00,197.6041
317.9106,54301,154,12,2018-04-06 00:00:00,51.336
309.9277,54401,154,7,2018-04-06 00:00:00,42.0387
3188.6725,55301,154,53,2018-04-06 00:00:00,624.5572
3322.331,55401,154,68,2018-04-06 00:00:00,651.953
5357.8355,56101,154,71,2018-04-06 00:00:00,982.6535
7755.2079,56201,154,90,2018-04-06 00:00:00,1657.7342
1925.8932,57301,154,28,2018-04-06 00:00:00,339.6189
3450.6379,57302,154,50,2018-04-06 00:00:00,524.1358
5397.1157,57401,154,42,2018-04-06 00:00:00,722.7423
2310.8302,57402,154,28,2018-04-06 00:00:00,270.0293
15666.8563,37403,154,124,2018-04-06 00:00:00,1643.4761
18520.6322,37404,154,141,2018-04-06 00:00:00,1096.4601
20830.4053,37405,154,135,2018-04-06 00:00:00,1358.6888
13560.3978,37406,154,112,2018-04-06 00:00:00,798.8544
3229.663,38101,154,13,2018-04-06 00:00:00,244.2656
2847.8782,38102,154,29,2018-04-06 00:00:00,401.0497
5752.1616,38103,154,56,2018-04-06 00:00:00,347.737
20130.2014,38104,154,160,2018-04-06 00:00:00,1713.3673
6859.3882,38105,154,72,2018-04-06 00:00:00,560.2967
2552.1165,38201,154,33,2018-04-06 00:00:00,342.6829
14645.3286,38202,154,102,2018-04-06 00:00:00,980.9847
10934.5206,38203,154,76,2018-04-06 00:00:00,781.1142
3635.0901,38204,154,36,2018-04-06 00:00:00,305.7825
3579.4015,38205,154,35,2018-04-06 00:00:00,370.574
4908.1175,39101,154,38,2018-04-06 00:00:00,367.0975
987.8046,39102,154,12,2018-04-06 00:00:00,57.568
3270.6769,39103,154,25,2018-04-06 00:00:00,187.0379
4860.082,39104,154,51,2018-04-06 00:00:00,378.359
6170.9378,39105,154,57,2018-04-06 00:00:00,639.7139
4143.934,39106,154,41,2018-04-06 00:00:00,326.7309
2025.0013,39107,154,9,2018-04-06 00:00:00,168.9849
2216.0459,39108,154,16,2018-04-06 00:00:00,139.931
9708.5101,39109,154,68,2018-04-06 00:00:00,798.1989
22728.5487,39110,154,181,2018-04-06 00:00:00,2073.8748
5261.4574,39111,154,53,2018-04-06 00:00:00,431.9237
4062.0924,39112,154,31,2018-04-06 00:00:00,321.1707
2452.4322,39113,154,16,2018-04-06 00:00:00,211.42
2063.9689,39114,154,14,2018-04-06 00:00:00,127.5103
4766.5794,39115,154,30,2018-04-06 00:00:00,285.9527
6776.2241,39116,154,42,2018-04-06 00:00:00,471.6458
6842.1632,39117,154,65,2018-04-06 00:00:00,827.9572
8530.1915,39118,154,69,2018-04-06 00:00:00,829.9366
7863.3603,39119,154,79,2018-04-06 00:00:00,560.2503
1948.3669,773202,154,27,2018-04-06 00:00:00,308.4257
16841.4238,774301,154,97,2018-04-06 00:00:00,5524.8796
5296.768,774401,154,40,2018-04-06 00:00:00,2441.4364
819.7372,775101,154,5,2018-04-06 00:00:00,71.8879
2055.0832,775102,154,9,2018-04-06 00:00:00,124.0526
1122.9822,775201,154,7,2018-04-06 00:00:00,82.247
5260.8222,776101,154,58,2018-04-06 00:00:00,830.8369
3837.2285,776102,154,46,2018-04-06 00:00:00,405.299
5581.2263,776103,154,49,2018-04-06 00:00:00,952.8501
6644.6908,776104,154,67,2018-04-06 00:00:00,701.829
4974.3134,776201,154,49,2018-04-06 00:00:00,1003.5334
4168.3018,776202,154,34,2018-04-06 00:00:00,412.9319
3698.7305,776203,154,40,2018-04-06 00:00:00,332.4949
4862.2792,776204,154,37,2018-04-06 00:00:00,559.2386
151.9383,779202,154,2,2018-04-06 00:00:00,17.9777
8859.5192,781101,154,98,2018-04-06 00:00:00,1104.7084
2437.7753,781102,154,37,2018-04-06 00:00:00,251.9089
1247.9883,781103,154,16,2018-04-06 00:00:00,131.7239
3912.9576,781201,154,62,2018-04-06 00:00:00,675.3018
3835.0941,781202,154,41,2018-04-06 00:00:00,604.8179
4586.6725,781203,154,43,2018-04-06 00:00:00,563.448
549.4377,782301,154,8,2018-04-06 00:00:00,91.5633
4838.0308,783301,154,58,2018-04-06 00:00:00,715.2039
4595.7818,783302,154,35,2018-04-06 00:00:00,742.8829
5919.0,783401,154,73,2018-04-06 00:00:00,903.8402
6662.0309,783402,154,60,2018-04-06 00:00:00,985.8095
1047.5138,784101,154,10,2018-04-06 00:00:00,186.8069
1964.7627,784102,154,32,2018-04-06 00:00:00,309.878
3542.5193,784103,154,46,2018-04-06 00:00:00,430.5394
160.2312,784104,154,4,2018-04-06 00:00:00,35.3508
762.3903,784201,154,12,2018-04-06 00:00:00,106.6697
1848.7368,42104,154,23,2018-04-06 00:00:00,611.6455
3681.5636,42105,154,61,2018-04-06 00:00:00,659.7525
2590.7382,42106,154,39,2018-04-06 00:00:00,315.2638
4857.1799,42201,154,60,2018-04-06 00:00:00,986.3298
2359.1261,42202,154,40,2018-04-06 00:00:00,376.347
2604.625,42203,154,34,2018-04-06 00:00:00,489.9461
3780.7966,42204,154,37,2018-04-06 00:00:00,471.8106
1568.8128,42205,154,33,2018-04-06 00:00:00,219.0122
4848.0136,42206,154,73,2018-04-06 00:00:00,957.1925
2587.531,43101,154,18,2018-04-06 00:00:00,334.1095
8132.4064,43102,154,53,2018-04-06 00:00:00,735.4058
6172.954,43103,154,53,2018-04-06 00:00:00,679.4267
6303.7219,43201,154,41,2018-04-06 00:00:00,803.8268
4632.175,43202,154,28,2018-04-06 00:00:00,350.4847
3975.1263,43203,154,36,2018-04-06 00:00:00,370.6916
4658.2943,44101,154,58,2018-04-06 00:00:00,529.1317
303.9304,45301,154,4,2018-04-06 00:00:00,231.8629
312.6652,45401,154,4,2018-04-06 00:00:00,46.9645
194.2493,46301,154,4,2018-04-06 00:00:00,25.7056
214.9768,46401,154,4,2018-04-06 00:00:00,39.6178
811.7406,47301,154,18,2018-04-06 00:00:00,126.3971
1219.8702,47302,154,25,2018-04-06 00:00:00,155.8395
3695.8746,47303,154,53,2018-04-06 00:00:00,596.9192
2873.3332,47401,154,56,2018-04-06 00:00:00,501.6292
2170.5296,47402,154,38,2018-04-06 00:00:00,436.3728
913.2333,47403,154,22,2018-04-06 00:00:00,134.2976
3264.326,48301,154,45,2018-04-06 00:00:00,455.024
2348.3907,48401,154,37,2018-04-06 00:00:00,340.9744
1903.1243,49301,154,32,2018-04-06 00:00:00,394.2302
1202.7317,49401,154,28,2018-04-06 00:00:00,193.8904
667.3291,50101,154,4,2018-04-06 00:00:00,154.725
2487.2315,50102,154,37,2018-04-06 00:00:00,414.7006
929.7055,50103,154,12,2018-04-06 00:00:00,140.3222
3894.154,792303,154,61,2018-04-06 00:00:00,490.3866
1251.7248,792304,154,20,2018-04-06 00:00:00,298.6789
1996.7221,792305,154,25,2018-04-06 00:00:00,183.4933
649.6991,792401,154,9,2018-04-06 00:00:00,75.2315
2140.7789,792402,154,20,2018-04-06 00:00:00,251.383
4408.2612,792403,154,61,2018-04-06 00:00:00,563.0105
2155.3041,792404,154,28,2018-04-06 00:00:00,292.2383
1016.1866,792405,154,19,2018-04-06 00:00:00,253.1486
8.0788,794302,154,1,2018-04-06 00:00:00,0.5075
346.1621,794303,154,2,2018-04-06 00:00:00,72.6456
1112.4594,794304,154,13,2018-04-06 00:00:00,162.0138
1811.7444,794305,154,15,2018-04-06 00:00:00,322.2484
1762.2556,794401,154,20,2018-04-06 00:00:00,312.0146
553.8688,794402,154,8,2018-04-06 00:00:00,66.4573
941.004,794403,154,5,2018-04-06 00:00:00,163.6119
1871.8067,796301,154,19,2018-04-06 00:00:00,315.0597
772.1224,796401,154,14,2018-04-06 00:00:00,101.2329
5464.1865,798301,154,83,2018-04-06 00:00:00,1012.1551
10525.7066,798302,154,226,2018-04-06 00:00:00,1881.2539
6838.1305,798402,154,41,2018-04-06 00:00:00,1805.6163
1233.2118,799101,154,12,2018-04-06 00:00:00,126.9124
767.7974,800101,154,15,2018-04-06 00:00:00,230.6253
1246.6304,800201,154,14,2018-04-06 00:00:00,189.1137
1293.7274,801101,154,8,2018-04-06 00:00:00,197.5145
9254.7397,801102,154,67,2018-04-06 00:00:00,823.6019
5455.5378,801103,154,39,2018-04-06 00:00:00,584.7172
3131.1129,801201,154,22,2018-04-06 00:00:00,318.0439
3436.1581,801202,154,26,2018-04-06 00:00:00,556.2835
2190.8892,801203,154,15,2018-04-06 00:00:00,265.4522
537.1751,802301,154,3,2018-04-06 00:00:00,48.0247
910.3928,802401,154,5,2018-04-06 00:00:00,75.1521
2237.1829,58301,154,37,2018-04-06 00:00:00,711.6635
3268.4141,58302,154,29,2018-04-06 00:00:00,430.6127
5338.324,58401,154,41,2018-04-06 00:00:00,445.7931
1240.9524,58402,154,17,2018-04-06 00:00:00,156.5733
6803.7717,59301,154,81,2018-04-06 00:00:00,1248.1853
3774.7824,59302,154,71,2018-04-06 00:00:00,704.0004
965.8303,59401,154,19,2018-04-06 00:00:00,102.9844
3684.0673,59402,154,46,2018-04-06 00:00:00,468.4261
1131.6935,60301,154,16,2018-04-06 00:00:00,159.2607
2016.6006,60401,154,25,2018-04-06 00:00:00,255.1966
2019.1021,61101,154,22,2018-04-06 00:00:00,230.1552
2550.9834,61201,154,28,2018-04-06 00:00:00,371.371
3382.7841,62301,154,48,2018-04-06 00:00:00,459.618
2279.3754,62302,154,26,2018-04-06 00:00:00,196.4519
1764.855,62303,154,20,2018-04-06 00:00:00,241.0964
3534.0569,62304,154,23,2018-04-06 00:00:00,315.1907
897.4858,770301,154,8,2018-04-06 00:00:00,161.3664
840.8873,770302,154,15,2018-04-06 00:00:00,123.5621
1477.6214,770303,154,21,2018-04-06 00:00:00,292.5416
1420.2366,770304,154,17,2018-04-06 00:00:00,306.2146
1587.0584,770305,154,22,2018-04-06 00:00:00,202.3612
1023.6443,770306,154,9,2018-04-06 00:00:00,107.4326
380.5841,770307,154,2,2018-04-06 00:00:00,43.6225
211.9946,770403,154,3,2018-04-06 00:00:00,169.478
188.2257,770404,154,1,2018-04-06 00:00:00,38.1113
259.5906,770405,154,6,2018-04-06 00:00:00,64.8763
803.9418,770406,154,12,2018-04-06 00:00:00,103.7701
835.7536,770407,154,4,2018-04-06 00:00:00,82.607
2131.4345,771301,154,26,2018-04-06 00:00:00,345.0409
2933.2524,771401,154,35,2018-04-06 00:00:00,365.1165
1956.9282,773101,154,24,2018-04-06 00:00:00,278.1655
2174.9171,773102,154,17,2018-04-06 00:00:00,258.9515
1653.634,773201,154,13,2018-04-06 00:00:00,164.5182
1442.0547,813308,154,12,2018-04-06 00:00:00,139.2636
955.7614,813401,154,17,2018-04-06 00:00:00,127.7862
2039.0269,813402,154,37,2018-04-06 00:00:00,516.1094
1088.9135,813403,154,11,2018-04-06 00:00:00,127.9007
2540.6864,813404,154,18,2018-04-06 00:00:00,263.0023
986.498,813405,154,13,2018-04-06 00:00:00,367.4661
1208.5928,813406,154,19,2018-04-06 00:00:00,268.7013
4656.2117,813407,154,54,2018-04-06 00:00:00,658.1744
2467.3379,813408,154,22,2018-04-06 00:00:00,334.3788
1541.5897,814101,154,9,2018-04-06 00:00:00,156.0931
3155.2675,814102,154,27,2018-04-06 00:00:00,479.3184
1890.2874,814201,154,18,2018-04-06 00:00:00,235.509
1107.6924,814202,154,11,2018-04-06 00:00:00,152.0472
5366.1247,815301,154,71,2018-04-06 00:00:00,1074.4956
7529.8005,815302,154,104,2018-04-06 00:00:00,1801.7557
10295.8173,815401,154,160,2018-04-06 00:00:00,2124.7231
1673.9943,815402,154,22,2018-04-06 00:00:00,319.9978
10.1383,818401,154,1,2018-04-06 00:00:00,71.6934
3300.3725,819101,154,59,2018-04-06 00:00:00,558.2388
4608.8105,819102,154,54,2018-04-06 00:00:00,554.6581
3599.5237,819103,154,41,2018-04-06 00:00:00,437.5741
1585.5387,819104,154,21,2018-04-06 00:00:00,175.7264
1229.577,819105,154,17,2018-04-06 00:00:00,106.9536
1188.6539,819106,154,7,2018-04-06 00:00:00,135.7166
1404.7213,819201,154,9,2018-04-06 00:00:00,190.0
527.0239,819202,154,6,2018-04-06 00:00:00,53.8596
422.3007,819203,154,6,2018-04-06 00:00:00,48.7449
2543.8884,819204,154,35,2018-04-06 00:00:00,275.1036
2706.9674,819205,154,28,2018-04-06 00:00:00,311.818
1675.6657,819206,154,25,2018-04-06 00:00:00,189.4965
1417.7695,821101,154,20,2018-04-06 00:00:00,173.1025
1797.7183,784202,154,19,2018-04-06 00:00:00,250.8433
2805.2131,784203,154,39,2018-04-06 00:00:00,407.2499
2686.3769,784204,154,31,2018-04-06 00:00:00,451.0664
298.426,785101,154,3,2018-04-06 00:00:00,82.0518
1006.9166,785201,154,15,2018-04-06 00:00:00,167.7215
1434.3,786301,154,11,2018-04-06 00:00:00,226.905
1575.6091,786302,154,15,2018-04-06 00:00:00,239.8178
662.3516,786303,154,8,2018-04-06 00:00:00,138.1838
1157.818,786304,154,15,2018-04-06 00:00:00,202.5412
2236.4535,786305,154,17,2018-04-06 00:00:00,247.7002
874.1081,786306,154,8,2018-04-06 00:00:00,123.4889
1016.0611,786307,154,4,2018-04-06 00:00:00,173.2097
710.1804,786401,154,8,2018-04-06 00:00:00,55.836
306.8879,786402,154,3,2018-04-06 00:00:00,49.9615
558.5378,786403,154,4,2018-04-06 00:00:00,100.439
181.5999,786404,154,3,2018-04-06 00:00:00,49.2874
191.9707,786405,154,6,2018-04-06 00:00:00,22.5302
498.2153,786406,154,3,2018-04-06 00:00:00,56.9461
1852.0616,786407,154,18,2018-04-06 00:00:00,431.7094
45.6883,787301,154,4,2018-04-06 00:00:00,42.7596
797.8761,787401,154,10,2018-04-06 00:00:00,163.9957
142.1981,788301,154,3,2018-04-06 00:00:00,13.5219
2072.794,788401,154,15,2018-04-06 00:00:00,238.0192
21707.4759,790103,154,116,2018-04-06 00:00:00,1424.9709
16779.8567,790104,154,74,2018-04-06 00:00:00,924.5938
11752.1068,790105,154,60,2018-04-06 00:00:00,973.8917
3408.7852,790201,154,19,2018-04-06 00:00:00,468.7629
9678.1756,790202,154,47,2018-04-06 00:00:00,534.7002
28729.4093,790203,154,155,2018-04-06 00:00:00,2135.9626
527.5931,791301,154,6,2018-04-06 00:00:00,100.0836
345.9286,791401,154,3,2018-04-06 00:00:00,66.5874
3023.7906,792301,154,50,2018-04-06 00:00:00,344.6074
3904.5232,792302,154,47,2018-04-06 00:00:00,466.9572
659.9963,821202,154,7,2018-04-06 00:00:00,86.2316
1787.1024,822101,154,9,2018-04-06 00:00:00,257.7999
1522.8704,822201,154,10,2018-04-06 00:00:00,199.6535
13600.9987,823101,154,83,2018-04-06 00:00:00,1485.3608
15483.3642,823201,154,117,2018-04-06 00:00:00,1452.4261
428.5196,824301,154,8,2018-04-06 00:00:00,52.2224
1077.3625,824401,154,6,2018-04-06 00:00:00,107.725
5593.4141,826301,154,48,2018-04-06 00:00:00,543.8215
3113.1267,826302,154,27,2018-04-06 00:00:00,336.0946
5426.1299,826303,154,54,2018-04-06 00:00:00,1028.5659
5887.6244,826401,154,74,2018-04-06 00:00:00,986.3039
3431.9562,826402,154,32,2018-04-06 00:00:00,361.4429
8051.8281,826403,154,58,2018-04-06 00:00:00,888.1492
1392.3531,827301,154,16,2018-04-06 00:00:00,162.7955
1241.3523,827302,154,13,2018-04-06 00:00:00,175.8467
2902.3632,827303,154,21,2018-04-06 00:00:00,294.1807
1011.9362,827304,154,18,2018-04-06 00:00:00,123.8665
1071.3308,827305,154,15,2018-04-06 00:00:00,128.6126
3932.6317,827306,154,37,2018-04-06 00:00:00,604.5682
3362.6007,827401,154,45,2018-04-06 00:00:00,535.6323
2621.6714,827402,154,36,2018-04-06 00:00:00,469.4872
4392.9021,827403,154,54,2018-04-06 00:00:00,701.8955
2731.5283,827404,154,30,2018-04-06 00:00:00,358.8864
2906.9612,827405,154,25,2018-04-06 00:00:00,329.0193
683.2114,827406,154,6,2018-04-06 00:00:00,63.1195
3858.8955,829101,154,31,2018-04-06 00:00:00,516.9179
7382.4111,829102,154,91,2018-04-06 00:00:00,1076.6476
3419.6557,829103,154,36,2018-04-06 00:00:00,347.2044
2852.7373,829104,154,40,2018-04-06 00:00:00,295.5674
1515.3208,829105,154,20,2018-04-06 00:00:00,244.0055
529.5645,829106,154,6,2018-04-06 00:00:00,117.7384
771.8709,805301,154,5,2018-04-06 00:00:00,123.8849
3835.4596,805302,154,29,2018-04-06 00:00:00,254.4477
2313.5213,805303,154,27,2018-04-06 00:00:00,309.7891
2626.3414,805401,154,30,2018-04-06 00:00:00,323.0625
4737.7071,805402,154,36,2018-04-06 00:00:00,433.8262
4663.6491,805403,154,37,2018-04-06 00:00:00,391.414
6022.586,806101,154,69,2018-04-06 00:00:00,536.1636
2480.259,806102,154,31,2018-04-06 00:00:00,178.5336
2890.1383,806103,154,32,2018-04-06 00:00:00,550.9847
2463.5967,806104,154,27,2018-04-06 00:00:00,324.0181
5684.8008,806105,154,74,2018-04-06 00:00:00,612.0299
3417.3577,806201,154,43,2018-04-06 00:00:00,369.4325
1882.9483,806202,154,32,2018-04-06 00:00:00,229.6842
3847.3982,806203,154,26,2018-04-06 00:00:00,383.5024
1860.1549,806204,154,12,2018-04-06 00:00:00,157.6453
3354.2305,806205,154,18,2018-04-06 00:00:00,310.8778
385.7574,807101,154,8,2018-04-06 00:00:00,103.3058
854.1201,807201,154,19,2018-04-06 00:00:00,233.9453
1189.8121,810301,154,15,2018-04-06 00:00:00,108.0658
2787.2697,810401,154,35,2018-04-06 00:00:00,540.4108
1616.5234,811301,154,17,2018-04-06 00:00:00,148.7617
4494.2503,811302,154,29,2018-04-06 00:00:00,394.7693
2480.7191,811401,154,23,2018-04-06 00:00:00,260.9042
869.5675,811402,154,7,2018-04-06 00:00:00,92.0828
40.8266,812301,154,1,2018-04-06 00:00:00,22.2917
35.7473,812401,154,1,2018-04-06 00:00:00,19.5184
1925.9185,813301,154,17,2018-04-06 00:00:00,291.2082
6329.6376,813302,154,85,2018-04-06 00:00:00,913.5904
832.8638,813303,154,17,2018-04-06 00:00:00,230.6695
1713.996,813304,154,18,2018-04-06 00:00:00,255.3214
2132.0047,813305,154,18,2018-04-06 00:00:00,231.8573
641.5995,813306,154,13,2018-04-06 00:00:00,81.0004
2265.8315,813307,154,33,2018-04-06 00:00:00,470.0131
1818.9691,74102,154,7,2018-04-06 00:00:00,107.6348
18755.1907,74103,154,95,2018-04-06 00:00:00,1230.8437
19596.2183,74104,154,85,2018-04-06 00:00:00,1303.7497
13764.8326,74105,154,41,2018-04-06 00:00:00,971.5384
16470.573,74201,154,36,2018-04-06 00:00:00,1141.8284
14572.313,74202,154,57,2018-04-06 00:00:00,903.8285
13292.1896,74203,154,41,2018-04-06 00:00:00,774.1732
6834.8575,74204,154,48,2018-04-06 00:00:00,362.8041
12969.9455,75101,154,73,2018-04-06 00:00:00,736.469
11816.8808,75102,154,39,2018-04-06 00:00:00,642.3275
15497.9551,75201,154,43,2018-04-06 00:00:00,849.6828
11401.4405,75202,154,49,2018-04-06 00:00:00,633.8511
15571.5359,76101,154,53,2018-04-06 00:00:00,870.1566
5788.7682,76102,154,25,2018-04-06 00:00:00,309.1373
5657.8975,76201,154,20,2018-04-06 00:00:00,314.1408
7972.4664,76202,154,30,2018-04-06 00:00:00,447.9743
53843.6562,77101,154,186,2018-04-06 00:00:00,3854.0086
7861.1618,77201,154,18,2018-04-06 00:00:00,508.6999
7163.168,78101,154,71,2018-04-06 00:00:00,1016.0628
4290.6864,78102,154,66,2018-04-06 00:00:00,512.3906
2910.9431,78201,154,36,2018-04-06 00:00:00,291.4653
5812.8759,78202,154,75,2018-04-06 00:00:00,827.7351
8381.4147,79301,154,76,2018-04-06 00:00:00,1150.3221
6441.5508,79302,154,64,2018-04-06 00:00:00,725.2787
6353.6673,79401,154,61,2018-04-06 00:00:00,665.8801
5421.4341,79402,154,63,2018-04-06 00:00:00,879.0089
2713.2181,80101,154,38,2018-04-06 00:00:00,301.6549
1340.9772,80201,154,22,2018-04-06 00:00:00,170.9043
3949.3502,81101,154,41,2018-04-06 00:00:00,569.1598
3704.1879,81102,154,41,2018-04-06 00:00:00,510.3427
4219.7314,81201,154,39,2018-04-06 00:00:00,714.3176
3905.0941,81202,154,44,2018-04-06 00:00:00,407.3714
2586.1742,82101,154,29,2018-04-06 00:00:00,270.7841
2928.673,82102,154,27,2018-04-06 00:00:00,393.1069
780.9179,82103,154,19,2018-04-06 00:00:00,124.6714
4405.3391,82104,154,59,2018-04-06 00:00:00,791.812
2885.7623,82105,154,21,2018-04-06 00:00:00,323.734
1512.5695,82106,154,38,2018-04-06 00:00:00,196.8991
2665.2761,82201,154,38,2018-04-06 00:00:00,316.5887
2138.1238,82202,154,18,2018-04-06 00:00:00,178.3808
3711.2204,82203,154,36,2018-04-06 00:00:00,553.9
3422.0508,82204,154,31,2018-04-06 00:00:00,410.0149
6418.9358,82205,154,39,2018-04-06 00:00:00,535.3855
3377.5807,82206,154,35,2018-04-06 00:00:00,368.4329
19054.3882,83101,154,94,2018-04-06 00:00:00,1339.6732
7269.4606,83102,154,57,2018-04-06 00:00:00,620.0959
14092.3799,83103,154,79,2018-04-06 00:00:00,850.9308
2917.3795,62401,154,27,2018-04-06 00:00:00,384.2159
1967.5959,62402,154,27,2018-04-06 00:00:00,230.0468
3136.2784,62403,154,48,2018-04-06 00:00:00,393.857
3616.8044,62404,154,58,2018-04-06 00:00:00,425.0701
737.098,63301,154,14,2018-04-06 00:00:00,139.2849
351.1267,63401,154,7,2018-04-06 00:00:00,59.3065
414.7531,64102,154,7,2018-04-06 00:00:00,167.3092
2500.9503,64201,154,48,2018-04-06 00:00:00,492.153
3624.7292,64202,154,82,2018-04-06 00:00:00,685.3737
2724.8215,65101,154,25,2018-04-06 00:00:00,309.3926
4152.9327,65201,154,31,2018-04-06 00:00:00,688.6555
2997.6247,66301,154,61,2018-04-06 00:00:00,507.062
3513.9094,66401,154,80,2018-04-06 00:00:00,636.4786
109.9903,67301,154,7,2018-04-06 00:00:00,41.7472
1103.2271,67302,154,7,2018-04-06 00:00:00,128.4339
594.1625,67401,154,6,2018-04-06 00:00:00,220.138
1363.1453,821102,154,16,2018-04-06 00:00:00,136.1449
2021.2336,84205,154,27,2018-04-06 00:00:00,321.6545
4000.8629,84206,154,23,2018-04-06 00:00:00,443.4188
10164.8192,85101,154,99,2018-04-06 00:00:00,720.035
46429.515,85102,154,279,2018-04-06 00:00:00,3239.4168
22026.8146,85201,154,144,2018-04-06 00:00:00,1633.3325
3529.181,85202,154,37,2018-04-06 00:00:00,253.0206
2375.0149,86101,154,16,2018-04-06 00:00:00,170.8046
8546.6795,86102,154,61,2018-04-06 00:00:00,660.4291
9446.0336,86103,154,131,2018-04-06 00:00:00,965.4117
5377.9506,86104,154,44,2018-04-06 00:00:00,464.0107
15330.7804,86105,154,126,2018-04-06 00:00:00,1191.0604
10927.6686,86106,154,103,2018-04-06 00:00:00,877.6777
10229.899,86107,154,105,2018-04-06 00:00:00,1357.389
14452.0645,86108,154,170,2018-04-06 00:00:00,1735.7289
12556.9436,86109,154,97,2018-04-06 00:00:00,949.4223
14931.0849,86110,154,184,2018-04-06 00:00:00,1533.0494
4386.179,86111,154,53,2018-04-06 00:00:00,453.9968
6207.9442,86112,154,37,2018-04-06 00:00:00,527.8535
2942.9275,86113,154,23,2018-04-06 00:00:00,315.0248
6841.081,86114,154,85,2018-04-06 00:00:00,562.5889
9150.172,86115,154,68,2018-04-06 00:00:00,938.0212
12557.0578,86116,154,149,2018-04-06 00:00:00,1433.6215
12273.2953,86117,154,101,2018-04-06 00:00:00,1031.8658
12571.2714,86118,154,78,2018-04-06 00:00:00,832.2945
11057.6998,86119,154,70,2018-04-06 00:00:00,961.5573
15445.1742,86120,154,137,2018-04-06 00:00:00,1470.9066
23382.135,86121,154,155,2018-04-06 00:00:00,1576.9384
54829.7977,86201,154,422,2018-04-06 00:00:00,3939.3498
10338.7443,86202,154,84,2018-04-06 00:00:00,1185.8436
10286.583,86203,154,65,2018-04-06 00:00:00,700.9569
8017.0516,86204,154,50,2018-04-06 00:00:00,482.3637
17443.1425,86205,154,130,2018-04-06 00:00:00,1830.441
11946.1433,86206,154,101,2018-04-06 00:00:00,1446.8792
4760.4535,86207,154,57,2018-04-06 00:00:00,490.262
11335.7677,86208,154,91,2018-04-06 00:00:00,956.5517
4885.3903,86209,154,40,2018-04-06 00:00:00,528.5464
4015.0507,86210,154,24,2018-04-06 00:00:00,248.9789
6577.675,86211,154,73,2018-04-06 00:00:00,556.6921
10214.1819,86212,154,89,2018-04-06 00:00:00,903.5086
5412.7371,86213,154,41,2018-04-06 00:00:00,459.778
12996.51,86214,154,162,2018-04-06 00:00:00,1629.6419
11486.7315,86215,154,125,2018-04-06 00:00:00,1265.1834
8727.2057,86216,154,103,2018-04-06 00:00:00,841.3002
7367.6134,86217,154,67,2018-04-06 00:00:00,486.301
2258.5859,86218,154,21,2018-04-06 00:00:00,224.3529
9002.4341,86219,154,96,2018-04-06 00:00:00,916.6101
4605.143,86220,154,47,2018-04-06 00:00:00,339.4786
1953.9147,67402,154,18,2018-04-06 00:00:00,206.668
9628.2512,68301,154,136,2018-04-06 00:00:00,1697.3915
4457.0303,68401,154,67,2018-04-06 00:00:00,643.4548
20171.7766,69301,154,58,2018-04-06 00:00:00,1106.0263
5813.3455,69401,154,15,2018-04-06 00:00:00,304.4773
62864.5389,71101,154,149,2018-04-06 00:00:00,3590.3062
88336.9791,71201,154,236,2018-04-06 00:00:00,4607.1116
21041.2724,73301,154,67,2018-04-06 00:00:00,1388.5501
12407.1001,73302,154,37,2018-04-06 00:00:00,751.4204
17895.486,73303,154,53,2018-04-06 00:00:00,1204.9496
5915.155,73304,154,31,2018-04-06 00:00:00,356.5263
3627.1322,73305,154,23,2018-04-06 00:00:00,221.1784
6722.7509,73401,154,32,2018-04-06 00:00:00,428.3579
9169.8703,73402,154,47,2018-04-06 00:00:00,503.4688
15705.0035,73403,154,45,2018-04-06 00:00:00,917.5716
6578.3593,73404,154,17,2018-04-06 00:00:00,327.8141
15375.01,73405,154,44,2018-04-06 00:00:00,946.0919
3813.9185,90401,154,42,2018-04-06 00:00:00,704.3838
2439.3254,90402,154,49,2018-04-06 00:00:00,544.3456
7570.0127,91301,154,118,2018-04-06 00:00:00,1334.5476
6022.9948,91302,154,67,2018-04-06 00:00:00,1443.0807
5938.2351,91303,154,70,2018-04-06 00:00:00,768.4846
2007.9466,91401,154,26,2018-04-06 00:00:00,363.5116
6578.7066,91402,154,75,2018-04-06 00:00:00,1185.9115
2617.6749,91403,154,58,2018-04-06 00:00:00,419.7052
2442.7681,92301,154,28,2018-04-06 00:00:00,299.639
3700.7383,92302,154,51,2018-04-06 00:00:00,635.9055
2633.1064,92401,154,41,2018-04-06 00:00:00,507.8114
2620.7012,92402,154,26,2018-04-06 00:00:00,300.5938
1877.3776,93301,154,34,2018-04-06 00:00:00,438.6143
1440.7334,93401,154,23,2018-04-06 00:00:00,220.696
410.5806,95101,154,6,2018-04-06 00:00:00,49.8974
14431.3884,95102,154,167,2018-04-06 00:00:00,2787.338
15318.4573,95201,154,198,2018-04-06 00:00:00,2627.8025
911.5232,95202,154,14,2018-04-06 00:00:00,135.6445
4350.191,96301,154,52,2018-04-06 00:00:00,757.8195
10595.0258,96401,154,180,2018-04-06 00:00:00,1990.293
12669.4806,97301,154,156,2018-04-06 00:00:00,1618.5008
15897.3395,97401,154,217,2018-04-06 00:00:00,2374.5165
3543.704,99301,154,26,2018-04-06 00:00:00,335.5505
5458.6328,99401,154,35,2018-04-06 00:00:00,448.0609
3497.1096,100301,154,24,2018-04-06 00:00:00,266.3085
4783.4163,100302,154,29,2018-04-06 00:00:00,374.3072
12293.3522,100401,154,58,2018-04-06 00:00:00,1090.5306
11362.791,100402,154,69,2018-04-06 00:00:00,884.869
2634.3455,101101,154,51,2018-04-06 00:00:00,569.7883
4208.1344,101201,154,47,2018-04-06 00:00:00,922.1371
4363.18,102101,154,69,2018-04-06 00:00:00,735.966
3617.9443,102201,154,49,2018-04-06 00:00:00,598.4946
1858.354,103101,154,28,2018-04-06 00:00:00,326.9084
2920.5658,103102,154,28,2018-04-06 00:00:00,454.158
5228.0591,103201,154,43,2018-04-06 00:00:00,608.4182
5449.9423,103202,154,60,2018-04-06 00:00:00,940.4589
3910.8595,104101,154,57,2018-04-06 00:00:00,1177.746
4513.3123,104102,154,80,2018-04-06 00:00:00,799.3616
10231.5945,104201,154,142,2018-04-06 00:00:00,2456.8331
3696.0644,104202,154,62,2018-04-06 00:00:00,1166.1338
3567.9913,105101,154,75,2018-04-06 00:00:00,860.1887
8.0194,105201,154,1,2018-04-06 00:00:00,5.2263
5984.1712,106101,154,96,2018-04-06 00:00:00,1198.5912
2525.0623,221101,154,18,2018-04-06 00:00:00,265.6832
2752.0605,221102,154,26,2018-04-06 00:00:00,275.5356
3979.1226,221103,154,68,2018-04-06 00:00:00,400.6936
5994.1324,221104,154,62,2018-04-06 00:00:00,841.289
15477.3394,83104,154,131,2018-04-06 00:00:00,1057.392
17857.4236,83105,154,120,2018-04-06 00:00:00,1241.856
19154.8717,83201,154,146,2018-04-06 00:00:00,1369.8544
19860.6115,83202,154,147,2018-04-06 00:00:00,1308.6882
12266.9846,83203,154,61,2018-04-06 00:00:00,673.5665
10597.1575,83204,154,65,2018-04-06 00:00:00,767.9295
18438.756,83205,154,98,2018-04-06 00:00:00,1337.5029
5594.0803,84101,154,58,2018-04-06 00:00:00,664.0132
5997.7443,84102,154,107,2018-04-06 00:00:00,1051.3659
13081.0109,84103,154,114,2018-04-06 00:00:00,1712.1987
14073.9711,84104,154,165,2018-04-06 00:00:00,1623.8608
9435.2467,84105,154,105,2018-04-06 00:00:00,1095.7003
8737.3696,84106,154,100,2018-04-06 00:00:00,1138.0516
10576.239,84201,154,81,2018-04-06 00:00:00,1092.8281
11617.5371,84202,154,119,2018-04-06 00:00:00,1090.8975
15778.1553,84203,154,236,2018-04-06 00:00:00,2695.9982
9581.3739,84204,154,88,2018-04-06 00:00:00,1328.1728
3065.3505,221202,154,29,2018-04-06 00:00:00,358.1568
1629.4602,221203,154,23,2018-04-06 00:00:00,253.1205
2267.1975,221204,154,26,2018-04-06 00:00:00,232.8736
2982.0719,221205,154,40,2018-04-06 00:00:00,485.4994
7075.965,222101,154,61,2018-04-06 00:00:00,865.3222
2114.674,222102,154,22,2018-04-06 00:00:00,496.0581
2797.2576,222201,154,23,2018-04-06 00:00:00,387.3501
7113.6754,222202,154,66,2018-04-06 00:00:00,834.9964
40.0987,223401,154,2,2018-04-06 00:00:00,7.1597
73.2981,224302,154,1,2018-04-06 00:00:00,80.4306
5654.5514,225101,154,42,2018-04-06 00:00:00,389.1989
2043.6274,225102,154,11,2018-04-06 00:00:00,155.2742
7797.0096,225201,154,74,2018-04-06 00:00:00,651.147
3835.9386,225202,154,36,2018-04-06 00:00:00,310.3991
3918.4083,226301,154,16,2018-04-06 00:00:00,275.1466
4444.6607,226302,154,21,2018-04-06 00:00:00,416.986
1209.4879,226401,154,7,2018-04-06 00:00:00,140.6995
6399.7477,226402,154,27,2018-04-06 00:00:00,461.9666
1159.4087,227301,154,13,2018-04-06 00:00:00,192.0693
1415.2301,227302,154,10,2018-04-06 00:00:00,182.7395
2400.2695,227303,154,14,2018-04-06 00:00:00,377.9312
3469.6546,227402,154,28,2018-04-06 00:00:00,389.8528
1720.0323,227403,154,14,2018-04-06 00:00:00,215.1813
4748.6352,227404,154,52,2018-04-06 00:00:00,655.2077
2743.8983,228101,154,30,2018-04-06 00:00:00,309.0962
3655.2824,228102,154,30,2018-04-06 00:00:00,480.0788
3109.0512,228103,154,21,2018-04-06 00:00:00,242.8412
1711.303,228104,154,6,2018-04-06 00:00:00,113.3481
1252.0144,228201,154,10,2018-04-06 00:00:00,145.2649
1300.0666,228202,154,9,2018-04-06 00:00:00,154.9653
676.1072,228203,154,11,2018-04-06 00:00:00,103.0242
6870.3228,228204,154,59,2018-04-06 00:00:00,789.5433
1042.1585,229101,154,9,2018-04-06 00:00:00,123.8518
3970.3809,229201,154,37,2018-04-06 00:00:00,395.8735
2398.9948,230301,154,24,2018-04-06 00:00:00,276.2551
3244.3184,230401,154,32,2018-04-06 00:00:00,413.2367
1917.984,232301,154,11,2018-04-06 00:00:00,161.1207
1970.7023,232302,154,18,2018-04-06 00:00:00,207.8341
582.4744,232303,154,3,2018-04-06 00:00:00,36.3867
41.8156,232402,154,2,2018-04-06 00:00:00,10.5567
630.7875,232403,154,3,2018-04-06 00:00:00,51.133
11.8969,233301,154,1,2018-04-06 00:00:00,0.6229
914.7493,233302,154,12,2018-04-06 00:00:00,78.1981
788.6396,233303,154,9,2018-04-06 00:00:00,134.5636
893.6043,233401,154,14,2018-04-06 00:00:00,93.0965
16.7507,233402,154,2,2018-04-06 00:00:00,1.0007
679.3389,233403,154,15,2018-04-06 00:00:00,86.6393
3676.1642,86221,154,21,2018-04-06 00:00:00,251.2671
31442.0915,87301,154,253,2018-04-06 00:00:00,2333.545
23471.261,87302,154,201,2018-04-06 00:00:00,1559.0233
11418.0139,87401,154,73,2018-04-06 00:00:00,702.6618
22055.3307,87402,154,174,2018-04-06 00:00:00,1503.7835
5025.1151,88301,154,66,2018-04-06 00:00:00,1078.1486
4537.5476,88401,154,70,2018-04-06 00:00:00,731.5977
4352.2612,89101,154,51,2018-04-06 00:00:00,299.1803
5740.59,89102,154,50,2018-04-06 00:00:00,406.9129
5379.0563,89103,154,47,2018-04-06 00:00:00,359.3433
2630.673,89104,154,39,2018-04-06 00:00:00,485.388
6048.2075,89201,154,68,2018-04-06 00:00:00,698.386
17401.0346,89202,154,141,2018-04-06 00:00:00,1162.4264
7647.7561,89203,154,58,2018-04-06 00:00:00,466.4521
7665.7462,89204,154,102,2018-04-06 00:00:00,487.7826
2249.92,90301,154,30,2018-04-06 00:00:00,486.2969
2358.8818,90302,154,28,2018-04-06 00:00:00,258.0502
